Order Date,Region,Category,Sales,Profit
2023-01-01,Central,Furniture,899.76,238.04
2023-01-02,South,Office Supplies,991.9,23.41
2023-01-03,East,Technology,108.44,82.66
2023-01-04,Central,Technology,888.76,290.71
2023-01-05,Central,Technology,540.28,67.89
2023-01-06,South,Technology,911.19,53.77
2023-01-07,East,Technology,592.75,271.37
2023-01-08,East,Technology,679.01,-11.24
2023-01-09,Central,Technology,566.59,215.85
2023-01-10,West,Furniture,871.27,295.82
2023-01-11,Central,Office Supplies,747.21,265.45
2023-01-12,Central,Technology,545.2,178.08
2023-01-13,Central,Furniture,874.75,59.92
2023-01-14,Central,Furniture,283.02,39.01
2023-01-15,South,Office Supplies,199.47,236.74
2023-01-16,East,Technology,202.38,257.94
2023-01-17,South,Office Supplies,367.31,133.9
2023-01-18,South,Technology,276.76,35.52
2023-01-19,South,Furniture,933.59,-10.47
2023-01-20,Central,Furniture,150.54,-19.49
2023-01-21,West,Furniture,714.04,201.68
2023-01-22,East,Furniture,229.76,97.04
2023-01-23,West,Office Supplies,887.56,266.88
2023-01-24,South,Technology,963.25,208.88
2023-01-25,South,Technology,492.2,16.94
2023-01-26,West,Office Supplies,885.12,164.82
2023-01-27,West,Technology,54.89,102.43
2023-01-28,West,Furniture,828.95,152.04
2023-01-29,South,Technology,267.19,208.32
2023-01-30,South,Furniture,913.27,232.17
2023-01-31,East,Office Supplies,51.06,245.31
2023-02-01,East,Technology,578.37,38.89
2023-02-02,South,Office Supplies,768.8,-39.11
2023-02-03,West,Technology,295.75,208.75
2023-02-04,West,Furniture,233.48,-12.78
2023-02-05,East,Office Supplies,129.89,60.22
2023-02-06,South,Technology,360.11,-48.66
2023-02-07,East,Furniture,581.85,188.58
2023-02-08,East,Office Supplies,160.05,8.5
2023-02-09,Central,Office Supplies,407.86,179.35
2023-02-10,Central,Technology,58.62,297.11
2023-02-11,Central,Technology,827.75,-24.57
2023-02-12,West,Technology,172.03,-23.02
2023-02-13,South,Furniture,319.18,69.13
2023-02-14,South,Technology,67.51,253.24
2023-02-15,South,Office Supplies,460.63,25.44
2023-02-16,South,Office Supplies,848.12,76.13
2023-02-17,Central,Technology,422.54,-26.02
2023-02-18,West,Technology,220.52,217.1
2023-02-19,West,Office Supplies,766.01,92.91
2023-02-20,Central,Furniture,799.37,215.74
2023-02-21,West,Technology,215.07,266.26
2023-02-22,Central,Technology,782.31,31.47
2023-02-23,South,Office Supplies,949.93,232.59
2023-02-24,Central,Technology,208.06,-29.32
2023-02-25,South,Furniture,782.44,264.6
2023-02-26,South,Office Supplies,723.14,177.77
2023-02-27,East,Technology,499.9,255.98
2023-02-28,Central,Office Supplies,105.02,-49.93
2023-03-01,East,Technology,120.96,9.18
2023-03-02,Central,Technology,859.79,86.42
2023-03-03,Central,Technology,990.64,82.83
2023-03-04,East,Furniture,692.25,29.36
2023-03-05,East,Furniture,473.66,83.56
2023-03-06,Central,Office Supplies,665.19,-4.9
2023-03-07,West,Technology,614.68,94.47
2023-03-08,South,Technology,414.43,230.82
2023-03-09,East,Furniture,112.34,117.67
2023-03-10,South,Technology,830.44,-43.7
2023-03-11,West,Furniture,403.24,97.51
2023-03-12,West,Technology,827.85,-40.49
2023-03-13,West,Office Supplies,289.88,288.19
2023-03-14,East,Technology,50.98,-5.39
2023-03-15,West,Technology,200.99,197.69
2023-03-16,East,Furniture,495.11,290.47
2023-03-17,West,Technology,947.09,239.11
2023-03-18,South,Technology,147.08,194.76
2023-03-19,South,Furniture,861.5,243.81
2023-03-20,Central,Office Supplies,550.67,293.63
2023-03-21,South,Office Supplies,834.62,167.47
2023-03-22,Central,Furniture,333.46,145.71
2023-03-23,South,Furniture,847.95,169.88
2023-03-24,East,Furniture,784.18,136.44
2023-03-25,South,Furniture,268.55,172.28
2023-03-26,Central,Furniture,174.77,107.44
2023-03-27,Central,Office Supplies,874.65,26.46
2023-03-28,West,Office Supplies,965.07,-7.91
2023-03-29,East,Furniture,79.74,-26.08
2023-03-30,South,Technology,744.71,42.16
2023-03-31,West,Furniture,914.05,-33.86
2023-04-01,South,Technology,864.49,148.51
2023-04-02,South,Furniture,966.29,49.34
2023-04-03,West,Furniture,772.09,238.59
2023-04-04,West,Office Supplies,470.18,-24.02
2023-04-05,West,Technology,346.35,29.22
2023-04-06,West,Technology,354.71,205.59
2023-04-07,West,Office Supplies,738.2,159.58
2023-04-08,South,Office Supplies,758.55,-27.43
2023-04-09,West,Office Supplies,240.34,257.03
2023-04-10,East,Office Supplies,874.72,257.04
2023-04-11,Central,Technology,729.18,65.64
2023-04-12,West,Technology,584.61,69.14
2023-04-13,West,Furniture,497.96,296.16
2023-04-14,South,Furniture,566.07,169.16
2023-04-15,West,Office Supplies,201.28,135.96
2023-04-16,West,Office Supplies,243.52,243.35
2023-04-17,West,Office Supplies,136.61,49.85
2023-04-18,South,Furniture,195.98,100.21
2023-04-19,West,Furniture,481.01,43.72
2023-04-20,Central,Furniture,553.84,226.21
2023-04-21,South,Furniture,66.97,150.67
2023-04-22,Central,Furniture,806.96,180.59
2023-04-23,South,Furniture,329.46,38.31
2023-04-24,West,Furniture,916.24,27.08
2023-04-25,Central,Office Supplies,969.14,120.93
2023-04-26,South,Office Supplies,226.19,208.15
2023-04-27,East,Office Supplies,488.99,133.83
2023-04-28,West,Office Supplies,51.17,-38.57
2023-04-29,South,Furniture,618.41,253.99
2023-04-30,East,Technology,626.94,-27.36
2023-05-01,South,Furniture,285.16,284.54
2023-05-02,East,Technology,580.49,-41.2
2023-05-03,West,Office Supplies,264.26,193.06
2023-05-04,Central,Furniture,202.78,-21.23
2023-05-05,East,Office Supplies,668.94,268.74
2023-05-06,South,Furniture,359.63,112.55
2023-05-07,West,Office Supplies,610.75,-1.87
2023-05-08,East,Technology,461.58,69.29
2023-05-09,South,Technology,985.13,7.69
2023-05-10,South,Technology,192.1,9.7
2023-05-11,South,Furniture,491.37,281.84
2023-05-12,East,Technology,696.43,105.84
2023-05-13,East,Furniture,425.77,226.08
2023-05-14,East,Technology,975.96,173.86
2023-05-15,Central,Technology,735.79,186.75
2023-05-16,East,Furniture,674.13,-3.91
2023-05-17,East,Furniture,769.21,31.96
2023-05-18,East,Technology,955.02,225.36
2023-05-19,Central,Furniture,912.43,289.77
2023-05-20,East,Technology,738.07,41.94
2023-05-21,South,Furniture,761.7,45.05
2023-05-22,East,Office Supplies,188.63,115.51
2023-05-23,South,Office Supplies,147.65,294.34
2023-05-24,South,Office Supplies,592.36,44.14
2023-05-25,South,Office Supplies,67.45,92.44
2023-05-26,Central,Office Supplies,508.24,262.02
2023-05-27,Central,Technology,249.83,-48.98
2023-05-28,Central,Office Supplies,378.72,-36.08
2023-05-29,East,Office Supplies,787.01,161.43
2023-05-30,South,Office Supplies,944.18,267.58
2023-05-31,Central,Office Supplies,118.8,33.6
2023-06-01,Central,Furniture,557.53,114.37
2023-06-02,East,Technology,888.41,107.66
2023-06-03,Central,Office Supplies,128.38,115.54
2023-06-04,East,Office Supplies,833.29,167.88
2023-06-05,West,Office Supplies,389.91,114.41
2023-06-06,Central,Technology,355.99,106.61
2023-06-07,West,Furniture,978.59,116.0
2023-06-08,East,Technology,240.82,156.8
2023-06-09,South,Furniture,708.53,137.95
2023-06-10,Central,Office Supplies,830.37,248.95
2023-06-11,East,Office Supplies,89.12,-32.68
2023-06-12,South,Technology,686.87,241.66
2023-06-13,South,Technology,953.97,245.37
2023-06-14,West,Furniture,168.01,49.72
2023-06-15,East,Furniture,901.41,112.0
2023-06-16,South,Technology,615.04,103.49
2023-06-17,Central,Furniture,635.77,26.48
2023-06-18,Central,Technology,632.3,88.88
2023-06-19,West,Furniture,333.89,-34.46
2023-06-20,South,Technology,938.44,47.24
2023-06-21,East,Technology,949.98,235.84
2023-06-22,Central,Technology,644.04,49.6
2023-06-23,South,Furniture,794.25,236.37
2023-06-24,South,Furniture,631.65,136.06
2023-06-25,West,Furniture,510.18,257.95
2023-06-26,Central,Technology,677.78,151.17
2023-06-27,Central,Furniture,575.35,-39.62
2023-06-28,East,Furniture,617.6,186.4
2023-06-29,Central,Technology,794.64,-34.3
2023-06-30,East,Office Supplies,506.86,107.71
2023-07-01,Central,Technology,88.72,275.3
2023-07-02,West,Furniture,205.8,7.82
2023-07-03,Central,Technology,466.68,86.46
2023-07-04,East,Office Supplies,738.59,205.45
2023-07-05,East,Technology,613.61,258.79
2023-07-06,West,Furniture,667.78,184.83
2023-07-07,Central,Office Supplies,505.31,40.36
2023-07-08,Central,Furniture,634.95,186.11
2023-07-09,West,Office Supplies,362.57,53.85
2023-07-10,Central,Office Supplies,496.67,201.45
2023-07-11,Central,Technology,757.07,283.91
2023-07-12,East,Technology,878.24,202.49
2023-07-13,Central,Furniture,461.97,252.01
2023-07-14,Central,Technology,91.48,-49.26
2023-07-15,West,Technology,203.59,201.15
2023-07-16,West,Office Supplies,69.82,240.36
2023-07-17,South,Technology,670.6,-35.8
2023-07-18,East,Office Supplies,365.7,255.06
2023-07-19,Central,Office Supplies,565.35,39.84
2023-07-20,Central,Office Supplies,518.61,182.85
2023-07-21,South,Furniture,127.45,230.12
2023-07-22,Central,Furniture,433.1,181.93
2023-07-23,East,Furniture,259.53,-17.7
2023-07-24,South,Office Supplies,447.48,158.71
2023-07-25,East,Furniture,243.4,142.35
2023-07-26,South,Furniture,848.43,265.11
2023-07-27,South,Technology,215.48,91.48
2023-07-28,West,Furniture,962.74,62.38
2023-07-29,East,Furniture,445.11,212.45
2023-07-30,Central,Office Supplies,853.93,94.44
2023-07-31,Central,Office Supplies,647.33,176.13
2023-08-01,East,Office Supplies,748.58,176.26
2023-08-02,Central,Office Supplies,779.34,260.81
2023-08-03,Central,Office Supplies,529.6,159.54
2023-08-04,East,Office Supplies,566.14,125.75
2023-08-05,South,Furniture,538.3,-1.4
2023-08-06,East,Office Supplies,608.66,-9.49
2023-08-07,South,Office Supplies,77.92,4.01
2023-08-08,Central,Technology,425.74,10.15
2023-08-09,Central,Furniture,625.88,173.26
2023-08-10,Central,Furniture,617.84,209.34
2023-08-11,West,Furniture,803.31,135.5
2023-08-12,South,Office Supplies,672.26,240.16
2023-08-13,West,Office Supplies,992.53,296.94
2023-08-14,West,Office Supplies,319.66,237.0
2023-08-15,East,Technology,391.19,193.21
2023-08-16,West,Office Supplies,414.65,136.37
2023-08-17,East,Technology,492.52,107.1
2023-08-18,East,Furniture,844.2,-20.46
2023-08-19,West,Office Supplies,274.0,89.78
2023-08-20,South,Technology,787.2,268.55
2023-08-21,South,Technology,435.04,232.81
2023-08-22,South,Office Supplies,621.76,25.62
2023-08-23,South,Furniture,650.91,113.31
2023-08-24,South,Furniture,404.21,235.85
2023-08-25,West,Furniture,536.98,-26.42
2023-08-26,West,Technology,442.38,85.59
2023-08-27,Central,Technology,115.68,248.14
2023-08-28,South,Technology,465.31,91.36
2023-08-29,West,Technology,142.52,-22.83
2023-08-30,Central,Furniture,434.77,139.89
2023-08-31,South,Office Supplies,613.27,251.61
2023-09-01,East,Technology,600.44,156.6
2023-09-02,Central,Technology,679.49,29.2
2023-09-03,West,Furniture,140.5,84.48
2023-09-04,East,Office Supplies,669.52,107.54
2023-09-05,East,Office Supplies,346.54,152.74
2023-09-06,East,Furniture,429.09,215.77
2023-09-07,Central,Furniture,865.09,-15.39
2023-09-08,West,Office Supplies,58.58,261.38
2023-09-09,East,Technology,608.99,-45.69
2023-09-10,South,Office Supplies,618.78,79.52
2023-09-11,East,Furniture,426.83,-40.4
2023-09-12,East,Technology,275.18,87.54
2023-09-13,Central,Technology,272.94,134.03
2023-09-14,Central,Furniture,889.52,129.09
2023-09-15,West,Furniture,469.92,7.97
2023-09-16,South,Furniture,364.34,176.01
2023-09-17,Central,Office Supplies,476.34,-34.33
2023-09-18,East,Office Supplies,685.92,216.67
2023-09-19,West,Technology,188.47,281.33
2023-09-20,East,Furniture,476.96,68.92
2023-09-21,East,Technology,608.49,131.03
2023-09-22,Central,Technology,951.15,82.62
2023-09-23,West,Technology,289.9,-47.65
2023-09-24,South,Technology,391.29,85.06
2023-09-25,South,Furniture,410.39,227.1
2023-09-26,Central,Technology,625.26,158.6
2023-09-27,Central,Furniture,388.9,-14.56
2023-09-28,West,Furniture,556.84,246.5
2023-09-29,South,Office Supplies,792.7,135.88
2023-09-30,South,Furniture,720.12,244.6
2023-10-01,South,Office Supplies,474.05,153.08
2023-10-02,East,Furniture,871.01,145.89
2023-10-03,South,Furniture,580.23,-13.16
2023-10-04,East,Furniture,562.91,8.58
2023-10-05,West,Office Supplies,82.48,290.21
2023-10-06,East,Office Supplies,987.36,29.97
2023-10-07,West,Technology,166.82,292.11
2023-10-08,South,Office Supplies,269.57,136.17
2023-10-09,South,Office Supplies,99.11,-2.47
2023-10-10,West,Office Supplies,658.0,-15.24
2023-10-11,Central,Office Supplies,263.47,23.1
2023-10-12,West,Technology,221.01,273.97
2023-10-13,Central,Office Supplies,134.13,94.95
2023-10-14,East,Furniture,148.14,88.4
2023-10-15,East,Furniture,605.44,59.62
2023-10-16,East,Office Supplies,703.8,1.47
2023-10-17,South,Office Supplies,427.51,120.75
2023-10-18,East,Furniture,505.9,-4.48
2023-10-19,Central,Furniture,701.67,242.42
2023-10-20,East,Technology,66.51,79.64
2023-10-21,West,Furniture,356.97,81.18
2023-10-22,West,Furniture,974.44,115.9
2023-10-23,South,Office Supplies,601.11,105.44
2023-10-24,West,Furniture,291.51,298.2
2023-10-25,Central,Technology,545.64,140.88
2023-10-26,East,Furniture,375.52,-19.13
2023-10-27,South,Office Supplies,555.63,162.41
2023-10-28,East,Office Supplies,169.45,3.05
2023-10-29,East,Furniture,176.08,-39.17
2023-10-30,Central,Office Supplies,186.37,289.76
2023-10-31,West,Technology,942.83,220.74
2023-11-01,West,Technology,746.25,293.04
2023-11-02,East,Furniture,204.26,117.26
2023-11-03,South,Furniture,228.93,136.29
2023-11-04,West,Furniture,744.29,8.92
2023-11-05,South,Office Supplies,198.36,36.42
2023-11-06,West,Technology,272.83,243.49
2023-11-07,South,Technology,965.18,74.66
2023-11-08,Central,Office Supplies,292.54,239.39
2023-11-09,South,Technology,678.55,198.15
2023-11-10,Central,Furniture,979.7,12.01
2023-11-11,Central,Furniture,405.58,127.61
2023-11-12,South,Furniture,66.64,187.09
2023-11-13,Central,Technology,281.94,32.26
2023-11-14,East,Furniture,839.33,240.74
2023-11-15,Central,Office Supplies,871.38,140.69
2023-11-16,West,Office Supplies,780.09,7.83
2023-11-17,South,Technology,157.45,154.04
2023-11-18,East,Office Supplies,805.73,299.9
2023-11-19,South,Office Supplies,922.74,2.68
2023-11-20,West,Technology,620.58,235.86
2023-11-21,West,Furniture,943.83,22.56
2023-11-22,West,Furniture,835.5,223.84
2023-11-23,Central,Furniture,683.62,207.1
2023-11-24,Central,Technology,598.33,55.17
2023-11-25,South,Office Supplies,381.14,64.04
2023-11-26,South,Furniture,201.32,227.38
2023-11-27,East,Furniture,624.71,111.51
2023-11-28,East,Technology,352.21,205.79
2023-11-29,South,Furniture,873.12,1.79
2023-11-30,Central,Technology,993.67,248.4
2023-12-01,West,Office Supplies,764.81,198.81
2023-12-02,South,Technology,135.96,267.43
2023-12-03,East,Technology,324.25,-3.67
2023-12-04,Central,Technology,153.65,157.56
2023-12-05,South,Technology,667.99,159.69
2023-12-06,South,Office Supplies,776.93,73.71
2023-12-07,Central,Office Supplies,929.39,110.46
2023-12-08,South,Furniture,466.26,-36.71
2023-12-09,Central,Office Supplies,906.31,211.05
2023-12-10,West,Office Supplies,884.0,142.26
2023-12-11,Central,Furniture,351.34,-29.79
2023-12-12,Central,Office Supplies,875.46,188.26
2023-12-13,Central,Technology,406.89,113.37
2023-12-14,South,Technology,332.03,-37.94
2023-12-15,South,Furniture,666.62,289.36
2023-12-16,Central,Furniture,361.96,282.19
2023-12-17,South,Furniture,648.7,129.52
2023-12-18,East,Technology,629.34,-17.21
2023-12-19,East,Office Supplies,585.27,214.12
2023-12-20,South,Technology,411.4,122.18
2023-12-21,South,Furniture,571.07,55.86
2023-12-22,Central,Office Supplies,616.66,122.0
2023-12-23,West,Office Supplies,568.4,132.86
2023-12-24,South,Technology,472.2,146.95
2023-12-25,East,Furniture,63.93,104.43
2023-12-26,Central,Technology,607.71,162.01
2023-12-27,South,Office Supplies,210.02,271.56
2023-12-28,East,Technology,660.45,76.79
2023-12-29,East,Technology,771.38,204.0
2023-12-30,West,Furniture,525.42,263.06
2023-12-31,Central,Furniture,565.25,109.59
2024-01-01,Central,Office Supplies,953.9,105.21
2024-01-02,West,Technology,854.81,160.74
2024-01-03,West,Technology,918.52,156.99
2024-01-04,Central,Technology,823.08,232.31
2024-01-05,Central,Office Supplies,153.47,116.77
2024-01-06,South,Office Supplies,191.54,298.64
2024-01-07,South,Furniture,550.29,-29.18
2024-01-08,West,Furniture,283.77,-48.89
2024-01-09,South,Furniture,502.86,174.07
2024-01-10,East,Technology,424.65,54.45
2024-01-11,South,Technology,571.94,34.13
2024-01-12,South,Furniture,759.53,59.16
2024-01-13,East,Technology,729.72,39.62
2024-01-14,West,Furniture,545.17,-39.22
2024-01-15,East,Office Supplies,831.27,290.04
2024-01-16,South,Furniture,459.32,27.26
2024-01-17,West,Office Supplies,901.88,206.91
2024-01-18,South,Technology,117.72,216.91
2024-01-19,East,Furniture,956.93,275.24
2024-01-20,East,Technology,671.96,-39.31
2024-01-21,South,Office Supplies,411.07,255.22
2024-01-22,Central,Office Supplies,237.3,134.53
2024-01-23,Central,Office Supplies,505.22,171.39
2024-01-24,East,Technology,234.83,175.56
2024-01-25,East,Technology,208.02,236.93
2024-01-26,Central,Technology,636.48,66.69
2024-01-27,Central,Technology,546.93,206.57
2024-01-28,South,Office Supplies,686.59,135.0
2024-01-29,South,Office Supplies,933.13,227.69
2024-01-30,Central,Furniture,555.65,296.69
2024-01-31,South,Furniture,601.89,20.23
2024-02-01,South,Technology,135.15,298.13
2024-02-02,West,Office Supplies,731.75,-18.57
2024-02-03,South,Office Supplies,429.91,-49.19
2024-02-04,East,Office Supplies,977.89,-34.54
2024-02-05,South,Furniture,832.02,69.62
2024-02-06,South,Furniture,546.36,171.52
2024-02-07,Central,Office Supplies,167.06,-25.84
2024-02-08,East,Office Supplies,866.45,-48.02
2024-02-09,South,Office Supplies,809.79,277.98
2024-02-10,South,Furniture,225.36,237.67
2024-02-11,West,Office Supplies,330.51,233.21
2024-02-12,South,Office Supplies,803.74,259.55
2024-02-13,South,Technology,225.97,195.01
2024-02-14,West,Technology,921.86,-13.46
2024-02-15,Central,Furniture,453.3,89.69
2024-02-16,South,Office Supplies,132.69,203.1
2024-02-17,West,Office Supplies,824.96,48.12
2024-02-18,East,Technology,404.83,190.59
2024-02-19,Central,Furniture,550.17,-41.43
2024-02-20,East,Technology,156.69,57.15
2024-02-21,East,Technology,52.45,142.2
2024-02-22,West,Technology,656.09,171.23
2024-02-23,South,Technology,539.42,151.96
2024-02-24,West,Office Supplies,613.86,194.21
2024-02-25,West,Office Supplies,804.06,-47.87
2024-02-26,West,Technology,664.28,-14.67
2024-02-27,West,Furniture,216.03,254.13
2024-02-28,Central,Furniture,392.73,188.61
2024-02-29,South,Furniture,910.6,-10.47
2024-03-01,East,Furniture,781.45,244.73
2024-03-02,East,Technology,578.81,34.78
2024-03-03,South,Office Supplies,292.86,117.39
2024-03-04,East,Furniture,336.96,0.82
2024-03-05,South,Technology,745.36,198.54
2024-03-06,East,Furniture,858.62,183.4
2024-03-07,West,Furniture,687.85,23.89
2024-03-08,East,Technology,819.05,252.19
2024-03-09,South,Office Supplies,778.32,90.46
2024-03-10,South,Office Supplies,192.22,52.38
2024-03-11,South,Technology,452.75,3.32
2024-03-12,South,Office Supplies,195.33,43.16
2024-03-13,South,Technology,273.47,-42.29
2024-03-14,Central,Technology,875.8,154.14
2024-03-15,Central,Technology,499.25,244.78
2024-03-16,East,Office Supplies,558.59,142.14
2024-03-17,South,Technology,219.52,26.75
2024-03-18,East,Furniture,346.66,-38.22
2024-03-19,South,Office Supplies,268.73,25.12
2024-03-20,South,Office Supplies,245.88,95.64
2024-03-21,Central,Office Supplies,656.06,215.86
2024-03-22,Central,Office Supplies,294.04,15.74
2024-03-23,West,Furniture,650.41,201.93
2024-03-24,Central,Office Supplies,105.53,253.43
2024-03-25,West,Office Supplies,184.69,108.88
2024-03-26,West,Technology,310.81,237.5
2024-03-27,West,Office Supplies,617.19,144.13
2024-03-28,West,Furniture,692.05,172.98
2024-03-29,West,Furniture,470.58,134.2
2024-03-30,East,Furniture,473.5,112.11
2024-03-31,Central,Furniture,738.29,32.13
2024-04-01,West,Office Supplies,65.03,56.12
2024-04-02,South,Office Supplies,374.04,51.49
2024-04-03,Central,Furniture,827.77,147.15
2024-04-04,Central,Furniture,623.06,-8.02
2024-04-05,West,Office Supplies,370.37,270.88
2024-04-06,East,Furniture,910.25,202.23
2024-04-07,West,Technology,783.99,90.51
2024-04-08,East,Furniture,301.65,5.52
2024-04-09,South,Furniture,663.03,258.7
2024-04-10,Central,Technology,615.96,238.32
2024-04-11,South,Technology,431.13,202.6
2024-04-12,East,Office Supplies,398.61,45.04
2024-04-13,East,Office Supplies,376.38,90.86
2024-04-14,South,Technology,636.3,-14.04
2024-04-15,East,Technology,470.29,16.16
2024-04-16,South,Office Supplies,840.27,224.06
2024-04-17,Central,Furniture,686.12,200.26
2024-04-18,South,Technology,116.44,157.72
2024-04-19,Central,Office Supplies,658.16,263.5
2024-04-20,South,Furniture,307.59,154.14
2024-04-21,East,Technology,613.17,113.44
2024-04-22,South,Furniture,696.13,69.13
2024-04-23,East,Office Supplies,269.29,279.16
2024-04-24,South,Technology,484.02,-21.05
2024-04-25,South,Furniture,230.81,275.81
2024-04-26,West,Technology,99.72,239.35
2024-04-27,East,Furniture,409.55,-4.52
2024-04-28,West,Office Supplies,394.8,147.74
2024-04-29,East,Office Supplies,995.71,253.29
2024-04-30,West,Technology,474.03,150.13
2024-05-01,Central,Furniture,366.89,267.52
2024-05-02,South,Technology,601.45,280.04
2024-05-03,East,Technology,134.33,97.83
2024-05-04,East,Furniture,963.58,82.06
2024-05-05,South,Furniture,653.21,277.71
2024-05-06,East,Furniture,767.1,186.3
2024-05-07,East,Office Supplies,211.95,-9.39
2024-05-08,West,Technology,439.0,-35.2
2024-05-09,East,Technology,451.55,147.62
2024-05-10,Central,Office Supplies,830.72,275.56
2024-05-11,Central,Furniture,51.17,245.49
2024-05-12,South,Office Supplies,335.81,186.55
2024-05-13,East,Office Supplies,982.17,-1.31
2024-05-14,South,Office Supplies,501.14,38.98
2024-05-15,Central,Technology,413.4,256.43
2024-05-16,East,Office Supplies,163.84,13.98
2024-05-17,East,Technology,975.46,47.45
2024-05-18,South,Technology,69.03,-4.64
2024-05-19,Central,Technology,750.32,186.64
2024-05-20,East,Furniture,780.17,280.39
2024-05-21,South,Technology,281.47,44.14
2024-05-22,Central,Technology,687.98,116.39
2024-05-23,South,Furniture,138.28,172.02
2024-05-24,West,Technology,294.19,299.81
2024-05-25,East,Office Supplies,798.51,-13.32
2024-05-26,West,Office Supplies,871.45,124.5
2024-05-27,Central,Technology,628.06,84.79
2024-05-28,West,Furniture,531.5,253.04
2024-05-29,West,Office Supplies,201.34,116.59
2024-05-30,Central,Furniture,109.95,-11.16
2024-05-31,South,Furniture,161.77,172.05
2024-06-01,West,Office Supplies,265.99,219.77
2024-06-02,South,Furniture,374.59,-48.99
2024-06-03,West,Office Supplies,411.86,250.63
2024-06-04,South,Furniture,379.01,15.11
2024-06-05,Central,Office Supplies,277.1,143.22
2024-06-06,West,Technology,534.24,95.53
2024-06-07,Central,Office Supplies,834.02,201.88
2024-06-08,West,Office Supplies,315.72,79.91
2024-06-09,Central,Office Supplies,945.27,254.42
2024-06-10,Central,Office Supplies,879.67,205.67
2024-06-11,West,Furniture,203.68,176.7
2024-06-12,West,Technology,796.96,228.68
2024-06-13,West,Office Supplies,595.86,213.91
2024-06-14,East,Furniture,588.25,-37.42
2024-06-15,South,Technology,421.49,88.16
2024-06-16,East,Technology,526.1,275.78
2024-06-17,East,Technology,427.32,-6.0
2024-06-18,Central,Technology,562.75,207.98
2024-06-19,West,Office Supplies,646.55,291.11
2024-06-20,South,Office Supplies,690.59,-31.73
2024-06-21,Central,Furniture,555.86,188.77
2024-06-22,East,Furniture,735.35,113.85
2024-06-23,West,Furniture,184.21,152.71
2024-06-24,Central,Technology,251.38,-20.13
2024-06-25,West,Technology,827.8,-34.95
2024-06-26,Central,Office Supplies,356.4,183.4
2024-06-27,West,Technology,71.75,238.16
2024-06-28,East,Technology,196.1,223.71
2024-06-29,South,Technology,262.43,140.33
2024-06-30,East,Furniture,959.46,-15.05
2024-07-01,South,Furniture,594.39,190.82
2024-07-02,West,Office Supplies,936.09,34.66
2024-07-03,Central,Technology,596.41,268.87
2024-07-04,East,Technology,505.39,243.39
2024-07-05,South,Office Supplies,348.04,198.28
2024-07-06,East,Technology,626.05,282.1
2024-07-07,South,Technology,182.24,-39.0
2024-07-08,East,Furniture,903.35,207.67
2024-07-09,South,Office Supplies,837.87,65.58
2024-07-10,South,Office Supplies,351.65,267.12
2024-07-11,West,Office Supplies,955.16,43.34
2024-07-12,South,Office Supplies,833.94,203.7
2024-07-13,West,Furniture,682.99,257.18
2024-07-14,South,Furniture,165.67,-35.42
2024-07-15,Central,Technology,504.32,89.18
2024-07-16,Central,Technology,530.8,216.81
2024-07-17,Central,Technology,270.92,109.22
2024-07-18,South,Technology,125.97,43.54
2024-07-19,West,Furniture,787.89,26.93
2024-07-20,West,Office Supplies,165.93,-3.97
2024-07-21,South,Furniture,614.58,250.0
2024-07-22,Central,Technology,939.63,151.37
2024-07-23,Central,Furniture,882.3,-23.27
2024-07-24,West,Office Supplies,313.86,83.9
2024-07-25,Central,Office Supplies,858.88,78.71
2024-07-26,East,Furniture,50.32,13.61
2024-07-27,West,Furniture,66.8,102.43
2024-07-28,Central,Furniture,622.43,66.23
2024-07-29,West,Technology,396.56,69.63
2024-07-30,East,Furniture,417.14,208.66
2024-07-31,West,Furniture,586.22,28.14
2024-08-01,West,Furniture,232.19,174.65
2024-08-02,West,Office Supplies,251.17,149.73
2024-08-03,West,Office Supplies,510.37,148.83
2024-08-04,East,Technology,766.54,182.05
2024-08-05,South,Technology,638.52,141.93
2024-08-06,West,Office Supplies,332.49,257.74
2024-08-07,West,Office Supplies,458.82,186.45
2024-08-08,Central,Office Supplies,212.13,141.44
2024-08-09,West,Furniture,120.9,240.42
2024-08-10,Central,Furniture,793.56,162.15
2024-08-11,South,Office Supplies,302.12,51.9
2024-08-12,East,Furniture,218.88,22.48
2024-08-13,East,Furniture,707.04,3.31
2024-08-14,South,Technology,637.15,264.81
2024-08-15,East,Office Supplies,651.53,198.55
2024-08-16,South,Office Supplies,267.45,278.08
2024-08-17,South,Furniture,271.01,161.15
2024-08-18,South,Office Supplies,259.76,115.69
2024-08-19,East,Technology,215.06,-29.1
2024-08-20,Central,Technology,672.94,185.07
2024-08-21,South,Technology,855.62,153.77
2024-08-22,West,Office Supplies,738.1,296.57
2024-08-23,East,Office Supplies,802.49,33.71
2024-08-24,South,Office Supplies,434.56,135.76
2024-08-25,South,Office Supplies,671.37,177.84
2024-08-26,West,Office Supplies,386.52,175.61
2024-08-27,Central,Technology,549.23,146.45
2024-08-28,Central,Furniture,507.55,221.92
2024-08-29,Central,Technology,218.04,21.74
2024-08-30,South,Office Supplies,417.72,203.97
2024-08-31,South,Technology,965.63,166.91
2024-09-01,South,Office Supplies,286.15,263.63
2024-09-02,East,Office Supplies,177.11,246.52
2024-09-03,West,Technology,447.65,60.3
2024-09-04,South,Office Supplies,800.82,46.68
2024-09-05,West,Furniture,603.04,293.58
2024-09-06,West,Office Supplies,696.93,134.54
2024-09-07,Central,Furniture,230.21,267.25
2024-09-08,East,Furniture,638.0,7.36
2024-09-09,South,Office Supplies,357.33,174.99
2024-09-10,Central,Technology,842.59,233.45
2024-09-11,Central,Furniture,647.83,281.59
2024-09-12,South,Technology,238.91,68.07
2024-09-13,West,Furniture,111.39,203.74
2024-09-14,Central,Office Supplies,90.5,138.58
2024-09-15,West,Office Supplies,402.84,-28.78
2024-09-16,East,Furniture,302.56,191.5
2024-09-17,West,Office Supplies,663.79,191.53
2024-09-18,East,Furniture,524.37,275.71
2024-09-19,West,Office Supplies,302.72,124.06
2024-09-20,Central,Technology,191.78,30.59
2024-09-21,Central,Office Supplies,170.84,-34.4
2024-09-22,East,Technology,871.43,95.47
2024-09-23,South,Office Supplies,281.3,55.67
2024-09-24,East,Technology,669.13,216.38
2024-09-25,East,Office Supplies,820.15,73.99
2024-09-26,West,Technology,633.38,282.17
2024-09-27,West,Furniture,866.59,286.81
2024-09-28,East,Furniture,422.77,167.32
2024-09-29,Central,Technology,958.41,275.03
2024-09-30,West,Office Supplies,176.49,216.3
2024-10-01,South,Technology,147.04,141.4
2024-10-02,West,Office Supplies,675.76,13.11
2024-10-03,West,Furniture,945.69,110.51
2024-10-04,South,Office Supplies,818.44,146.31
2024-10-05,East,Furniture,122.6,252.39
2024-10-06,South,Office Supplies,315.4,118.47
2024-10-07,East,Office Supplies,933.8,264.19
2024-10-08,East,Office Supplies,290.41,186.02
2024-10-09,East,Technology,792.11,-2.05
2024-10-10,South,Technology,833.88,298.24
2024-10-11,East,Furniture,520.68,134.53
2024-10-12,Central,Furniture,417.03,87.15
2024-10-13,South,Technology,477.62,180.69
2024-10-14,Central,Furniture,265.62,-11.89
2024-10-15,East,Technology,894.92,172.79
2024-10-16,West,Office Supplies,478.09,124.38
2024-10-17,East,Furniture,888.34,92.34
2024-10-18,Central,Furniture,150.41,283.56
2024-10-19,Central,Technology,988.86,132.89
2024-10-20,South,Furniture,471.11,26.69
2024-10-21,West,Furniture,95.44,110.64
2024-10-22,South,Office Supplies,86.12,271.79
2024-10-23,Central,Furniture,758.9,11.63
2024-10-24,East,Office Supplies,676.08,24.88
2024-10-25,West,Technology,812.02,-45.44
2024-10-26,East,Furniture,150.1,-45.03
2024-10-27,East,Office Supplies,83.79,240.29
2024-10-28,West,Technology,533.15,206.24
2024-10-29,South,Furniture,418.22,74.26
2024-10-30,East,Technology,488.85,194.41
2024-10-31,Central,Furniture,992.01,88.32
2024-11-01,East,Technology,972.21,283.51
2024-11-02,West,Technology,945.2,288.47
2024-11-03,West,Office Supplies,794.65,87.48
2024-11-04,West,Technology,387.1,248.98
2024-11-05,South,Furniture,441.52,220.58
2024-11-06,East,Furniture,572.14,58.5
2024-11-07,South,Office Supplies,839.01,31.21
2024-11-08,South,Furniture,115.28,110.38
2024-11-09,West,Furniture,453.08,223.47
2024-11-10,West,Furniture,128.49,286.06
2024-11-11,South,Technology,538.92,217.25
2024-11-12,East,Technology,903.96,249.32
2024-11-13,Central,Furniture,793.36,161.07
2024-11-14,South,Office Supplies,266.45,242.39
2024-11-15,East,Technology,977.19,224.55
2024-11-16,West,Office Supplies,683.98,81.94
2024-11-17,West,Furniture,59.91,143.2
2024-11-18,East,Furniture,292.64,231.66
2024-11-19,Central,Technology,297.68,-33.88
2024-11-20,West,Furniture,115.79,232.83
2024-11-21,West,Technology,961.84,12.26
2024-11-22,West,Furniture,504.34,130.14
2024-11-23,East,Furniture,901.02,232.9
2024-11-24,South,Technology,356.1,38.84
2024-11-25,West,Technology,168.97,36.03
2024-11-26,South,Technology,500.62,90.97
2024-11-27,Central,Furniture,158.26,263.12
2024-11-28,West,Furniture,511.71,-49.85
2024-11-29,West,Office Supplies,924.28,265.48
2024-11-30,Central,Technology,544.73,3.83
2024-12-01,West,Furniture,635.67,296.53
2024-12-02,South,Furniture,198.81,284.2
2024-12-03,East,Technology,91.55,123.14
2024-12-04,South,Office Supplies,155.27,129.45
2024-12-05,East,Technology,618.6,118.54
2024-12-06,East,Office Supplies,140.26,172.41
2024-12-07,South,Furniture,407.19,-18.25
2024-12-08,South,Office Supplies,572.59,-38.58
2024-12-09,South,Furniture,419.22,-29.8
2024-12-10,South,Technology,205.5,105.53
2024-12-11,Central,Technology,310.1,46.44
2024-12-12,West,Technology,931.9,167.71
2024-12-13,East,Office Supplies,692.18,297.35
2024-12-14,South,Furniture,521.25,85.21
2024-12-15,South,Technology,62.08,150.84
2024-12-16,South,Technology,992.79,95.46
2024-12-17,Central,Furniture,687.88,246.55
2024-12-18,South,Technology,351.08,265.78
2024-12-19,South,Furniture,885.31,257.07
2024-12-20,South,Furniture,295.51,291.03
2024-12-21,West,Furniture,566.82,-40.37
2024-12-22,Central,Furniture,654.27,243.94
2024-12-23,South,Furniture,260.01,213.12
2024-12-24,East,Office Supplies,979.48,30.04
2024-12-25,East,Technology,760.78,284.71
2024-12-26,East,Office Supplies,579.92,1.86
2024-12-27,Central,Technology,221.56,187.84
2024-12-28,Central,Office Supplies,101.17,28.71
2024-12-29,East,Furniture,354.06,100.98
2024-12-30,South,Technology,765.53,201.71
2024-12-31,Central,Technology,305.86,147.16
2025-01-01,East,Office Supplies,562.58,99.63
2025-01-02,East,Office Supplies,741.55,64.22
2025-01-03,South,Technology,152.55,243.88
2025-01-04,West,Office Supplies,701.03,0.34
2025-01-05,Central,Office Supplies,137.28,100.54
2025-01-06,South,Office Supplies,966.87,266.32
2025-01-07,East,Furniture,513.97,246.05
2025-01-08,East,Furniture,193.14,90.33
2025-01-09,South,Office Supplies,375.26,217.09
2025-01-10,Central,Office Supplies,442.75,238.11
2025-01-11,West,Furniture,770.28,261.11
2025-01-12,West,Furniture,756.25,140.58
2025-01-13,East,Technology,631.34,21.56
2025-01-14,Central,Technology,150.63,39.36
2025-01-15,West,Furniture,193.99,53.49
2025-01-16,Central,Office Supplies,139.07,157.83
2025-01-17,Central,Office Supplies,598.31,-38.52
2025-01-18,East,Office Supplies,883.28,172.61
2025-01-19,West,Office Supplies,462.11,77.52
2025-01-20,South,Technology,202.81,53.33
2025-01-21,East,Furniture,580.14,257.82
2025-01-22,West,Office Supplies,821.16,111.0
2025-01-23,West,Technology,754.63,-16.73
2025-01-24,West,Office Supplies,887.38,239.36
2025-01-25,West,Furniture,314.01,-33.33
2025-01-26,West,Technology,234.26,204.36
2025-01-27,Central,Furniture,885.83,220.87
2025-01-28,East,Furniture,674.68,73.41
2025-01-29,Central,Technology,345.38,238.68
2025-01-30,South,Technology,755.23,130.48
2025-01-31,West,Technology,824.36,112.15
2025-02-01,East,Technology,634.23,-34.11
2025-02-02,West,Technology,703.49,51.51
2025-02-03,East,Technology,406.5,275.85
2025-02-04,Central,Technology,561.76,87.14
2025-02-05,East,Office Supplies,547.95,141.35
2025-02-06,South,Furniture,855.65,136.21
2025-02-07,South,Technology,847.97,156.65
2025-02-08,East,Office Supplies,841.05,-28.53
2025-02-09,East,Office Supplies,60.48,76.76
2025-02-10,East,Office Supplies,762.07,203.09
2025-02-11,East,Furniture,770.74,20.2
2025-02-12,South,Technology,694.46,21.25
2025-02-13,West,Office Supplies,768.45,-46.47
2025-02-14,East,Furniture,849.87,103.12
2025-02-15,East,Furniture,496.8,258.96
2025-02-16,South,Furniture,526.95,-31.83
2025-02-17,South,Office Supplies,168.48,16.89
2025-02-18,Central,Technology,416.11,58.53
2025-02-19,East,Office Supplies,661.2,206.1
2025-02-20,Central,Office Supplies,791.38,174.22
2025-02-21,South,Technology,256.35,95.58
2025-02-22,South,Technology,180.93,215.67
2025-02-23,West,Technology,679.89,163.37
2025-02-24,East,Furniture,51.79,263.61
2025-02-25,Central,Technology,219.45,236.31
2025-02-26,South,Office Supplies,77.62,38.48
2025-02-27,South,Technology,208.54,45.0
2025-02-28,Central,Office Supplies,222.25,-6.13
2025-03-01,West,Furniture,418.29,67.94
2025-03-02,South,Office Supplies,432.21,299.84
2025-03-03,East,Office Supplies,880.55,92.01
2025-03-04,South,Technology,534.6,27.17
2025-03-05,East,Technology,737.23,216.87
2025-03-06,Central,Office Supplies,148.93,139.86
2025-03-07,East,Technology,264.17,2.36
2025-03-08,Central,Furniture,717.8,83.24
2025-03-09,East,Furniture,100.16,95.06
2025-03-10,Central,Technology,512.27,213.84
2025-03-11,East,Furniture,619.4,-42.77
2025-03-12,West,Technology,622.04,44.16
2025-03-13,East,Office Supplies,71.79,131.16
2025-03-14,East,Office Supplies,356.0,44.1
2025-03-15,West,Furniture,654.67,169.95
2025-03-16,South,Technology,191.55,118.65
2025-03-17,South,Technology,710.64,76.6
2025-03-18,East,Furniture,758.63,282.22
2025-03-19,West,Office Supplies,982.87,171.26
2025-03-20,East,Furniture,249.35,-4.52
2025-03-21,Central,Office Supplies,833.87,146.03
2025-03-22,Central,Technology,544.28,223.26
2025-03-23,East,Office Supplies,404.79,197.97
2025-03-24,South,Furniture,166.26,10.23
2025-03-25,South,Technology,748.73,290.35
2025-03-26,East,Furniture,274.06,107.08
2025-03-27,East,Furniture,402.85,5.66
2025-03-28,Central,Office Supplies,109.42,13.07
2025-03-29,South,Furniture,811.3,-15.62
2025-03-30,East,Office Supplies,778.26,231.23
2025-03-31,Central,Technology,746.94,-7.29
2025-04-01,South,Office Supplies,334.47,-6.21
2025-04-02,West,Technology,214.81,247.67
2025-04-03,Central,Office Supplies,655.68,70.61
2025-04-04,South,Furniture,521.36,-39.2
2025-04-05,South,Office Supplies,219.34,-31.84
2025-04-06,Central,Office Supplies,701.62,-0.24
2025-04-07,West,Technology,991.57,24.69
2025-04-08,Central,Furniture,759.86,182.8
2025-04-09,South,Office Supplies,752.99,5.06
2025-04-10,East,Furniture,952.8,-8.39
2025-04-11,East,Office Supplies,242.79,217.65
2025-04-12,Central,Office Supplies,587.27,184.87
2025-04-13,South,Furniture,980.66,102.36
2025-04-14,East,Office Supplies,207.03,142.26
2025-04-15,South,Furniture,715.24,59.19
2025-04-16,Central,Office Supplies,606.52,118.88
2025-04-17,East,Technology,607.16,127.34
2025-04-18,South,Furniture,712.79,85.53
2025-04-19,East,Office Supplies,933.14,267.3
2025-04-20,Central,Office Supplies,793.45,-44.38
2025-04-21,South,Technology,103.33,223.76
2025-04-22,East,Furniture,860.09,-6.47
2025-04-23,Central,Office Supplies,264.26,229.14
2025-04-24,East,Technology,408.07,165.57
2025-04-25,East,Office Supplies,488.65,245.15
2025-04-26,West,Furniture,506.86,-15.87
2025-04-27,West,Office Supplies,463.42,145.64
2025-04-28,Central,Office Supplies,940.49,125.38
2025-04-29,West,Office Supplies,720.72,197.17
2025-04-30,Central,Office Supplies,649.61,137.0
2025-05-01,West,Technology,97.35,139.26
2025-05-02,East,Technology,908.72,100.36
2025-05-03,Central,Furniture,913.92,58.09
2025-05-04,Central,Technology,791.2,118.79
2025-05-05,East,Technology,56.68,-8.53
2025-05-06,Central,Furniture,104.42,286.53
2025-05-07,Central,Technology,263.96,200.04
2025-05-08,West,Technology,174.78,283.36
2025-05-09,Central,Furniture,428.89,29.35
2025-05-10,South,Furniture,926.49,257.77
2025-05-11,East,Furniture,498.46,233.08
2025-05-12,West,Office Supplies,62.73,187.0
2025-05-13,West,Office Supplies,318.61,168.76
2025-05-14,South,Furniture,92.37,60.79
2025-05-15,East,Furniture,84.47,235.74
2025-05-16,East,Furniture,311.93,125.53
2025-05-17,West,Office Supplies,311.83,-25.19
2025-05-18,Central,Office Supplies,797.77,59.5
2025-05-19,West,Technology,976.09,277.35
2025-05-20,East,Technology,402.65,247.74
2025-05-21,South,Furniture,457.44,293.67
2025-05-22,West,Office Supplies,852.55,169.8
2025-05-23,East,Office Supplies,304.73,36.63
2025-05-24,West,Office Supplies,198.56,6.99
2025-05-25,Central,Furniture,860.44,15.42
2025-05-26,West,Technology,94.18,-43.07
2025-05-27,West,Furniture,638.71,86.74
2025-05-28,East,Technology,583.89,17.0
2025-05-29,East,Technology,378.62,94.08
2025-05-30,East,Furniture,349.43,277.25
2025-05-31,West,Technology,783.26,100.69
2025-06-01,Central,Technology,132.1,257.29
2025-06-02,South,Office Supplies,274.95,161.93
2025-06-03,South,Technology,745.83,36.5
2025-06-04,East,Furniture,570.9,74.55
2025-06-05,East,Furniture,171.59,-20.63
2025-06-06,West,Technology,888.03,66.71
2025-06-07,South,Office Supplies,423.78,187.14
2025-06-08,East,Office Supplies,836.47,-24.76
2025-06-09,Central,Technology,798.33,21.89
2025-06-10,Central,Technology,643.2,83.5
2025-06-11,East,Furniture,519.76,293.72
2025-06-12,East,Technology,980.57,224.7
2025-06-13,South,Office Supplies,187.72,206.72
2025-06-14,South,Technology,738.9,-9.33
2025-06-15,West,Furniture,231.63,223.35
2025-06-16,South,Furniture,371.35,224.84
2025-06-17,Central,Furniture,343.26,160.39
2025-06-18,Central,Furniture,949.68,296.63
2025-06-19,East,Furniture,968.99,63.84
2025-06-20,South,Technology,223.86,279.45
2025-06-21,West,Technology,70.93,270.16
2025-06-22,Central,Technology,734.01,-45.98
2025-06-23,Central,Technology,447.09,107.54
2025-06-24,West,Furniture,134.4,291.99
2025-06-25,West,Office Supplies,699.57,-13.91
2025-06-26,Central,Technology,567.85,141.72
2025-06-27,Central,Office Supplies,981.49,292.64
2025-06-28,West,Technology,266.04,144.42
2025-06-29,Central,Technology,433.78,16.44
2025-06-30,East,Office Supplies,565.42,153.76
2025-07-01,East,Furniture,802.11,21.55
2025-07-02,West,Technology,571.4,131.9
2025-07-03,South,Technology,632.26,-24.09
2025-07-04,West,Technology,264.84,161.92
2025-07-05,West,Office Supplies,854.57,130.88
2025-07-06,South,Furniture,457.2,209.06
2025-07-07,South,Office Supplies,183.91,170.75
2025-07-08,South,Office Supplies,680.98,142.36
2025-07-09,East,Furniture,255.29,191.42
2025-07-10,Central,Office Supplies,142.68,0.38
2025-07-11,East,Furniture,868.89,158.38
2025-07-12,Central,Technology,487.15,10.24
2025-07-13,East,Furniture,761.82,273.93
2025-07-14,Central,Technology,326.06,-26.08
2025-07-15,East,Office Supplies,797.62,100.63
2025-07-16,South,Office Supplies,156.34,193.53
2025-07-17,West,Technology,388.17,110.31
2025-07-18,East,Office Supplies,979.16,-17.77
2025-07-19,Central,Furniture,804.29,143.68
2025-07-20,South,Technology,522.39,174.57
2025-07-21,East,Office Supplies,372.79,196.33
2025-07-22,East,Technology,878.53,80.64
2025-07-23,South,Furniture,567.61,147.28
2025-07-24,East,Furniture,770.5,107.74
2025-07-25,West,Office Supplies,766.4,185.22
2025-07-26,East,Furniture,67.05,154.24
2025-07-27,West,Technology,169.94,134.01
2025-07-28,West,Furniture,676.65,37.33
2025-07-29,South,Technology,203.54,-49.29
2025-07-30,East,Technology,292.72,10.93
2025-07-31,South,Furniture,949.31,-9.03
2025-08-01,East,Office Supplies,582.17,107.18
2025-08-02,East,Furniture,763.19,164.29
2025-08-03,Central,Technology,580.08,24.58
2025-08-04,East,Technology,574.89,278.67
2025-08-05,South,Furniture,139.44,-47.66
2025-08-06,West,Office Supplies,376.48,220.31
2025-08-07,East,Office Supplies,318.31,168.82
2025-08-08,Central,Technology,421.19,80.74
2025-08-09,South,Technology,808.43,-32.33
2025-08-10,East,Office Supplies,403.34,169.62
2025-08-11,South,Furniture,479.11,84.96
2025-08-12,Central,Technology,427.51,277.69
2025-08-13,Central,Technology,138.74,139.7
2025-08-14,South,Office Supplies,469.02,278.88
2025-08-15,East,Furniture,235.83,27.17
2025-08-16,West,Office Supplies,227.39,204.0
2025-08-17,Central,Furniture,139.33,166.04
2025-08-18,East,Furniture,388.84,208.79
2025-08-19,East,Furniture,769.61,25.13
2025-08-20,West,Technology,312.62,182.75
2025-08-21,Central,Office Supplies,346.73,124.31
2025-08-22,Central,Office Supplies,660.54,209.99
2025-08-23,East,Furniture,236.05,64.47
2025-08-24,East,Technology,902.11,261.52
2025-08-25,West,Technology,544.18,-20.49
2025-08-26,West,Office Supplies,475.22,232.52
2025-08-27,Central,Technology,579.93,251.46
2025-08-28,South,Technology,207.73,236.04
2025-08-29,Central,Furniture,632.8,129.45
2025-08-30,East,Technology,394.95,103.43
2025-08-31,Central,Furniture,902.33,298.69
2025-09-01,South,Office Supplies,210.41,30.21
2025-09-02,West,Technology,531.7,141.41
2025-09-03,South,Office Supplies,618.21,184.74
2025-09-04,South,Office Supplies,81.71,195.3
2025-09-05,South,Technology,395.51,21.41
2025-09-06,West,Technology,746.0,178.9
2025-09-07,South,Office Supplies,829.36,236.43
2025-09-08,South,Technology,347.5,-32.49
2025-09-09,South,Furniture,808.66,269.03
2025-09-10,East,Furniture,969.37,-39.67
2025-09-11,South,Technology,864.03,74.59
2025-09-12,West,Office Supplies,161.76,-44.47
2025-09-13,South,Technology,752.74,-23.0
2025-09-14,South,Technology,353.68,268.91
2025-09-15,West,Office Supplies,989.0,74.2
2025-09-16,South,Office Supplies,511.09,98.67
2025-09-17,West,Furniture,166.31,25.37
2025-09-18,South,Office Supplies,738.93,158.98
2025-09-19,West,Furniture,356.86,158.18
2025-09-20,South,Office Supplies,997.22,80.27
2025-09-21,South,Technology,980.79,66.56
2025-09-22,East,Furniture,673.33,259.74
2025-09-23,East,Furniture,173.34,84.15
2025-09-24,South,Furniture,702.52,122.73
2025-09-25,South,Technology,138.38,49.16
2025-09-26,Central,Technology,77.9,225.37
